Ratings,RAM,ROM,Mobile_Size,Primary_Cam,Selfi_Cam,Battery_Power,Price
4.3,4.0,128.0,6.0,48,13.0,4000,24999
3.4,6.0,64.0,4.5,48,12.0,4000,15999
4.3,4.0,4.0,4.5,64,16.0,4000,15000
4.4,6.0,64.0,6.4,48,15.0,3800,18999
4.5,6.0,128.0,6.18,35,15.0,3800,18999
4.7,8.0,128.0,5.8,35,12.0,5000,140300
4.4,8.0,128.0,6.7,64,5.0,4700,29999
4.5,8.0,128.0,6.7,48,12.0,4700,47999
4.4,4.0,128.0,6.53,48,2.0,4020,16490
4.5,8.0,256.0,6.18,35,5.0,3800,22999
3.9,6.0,32.0,4.54,64,8.0,4100,1099
3.8,6.0,32.0,4.5,64,8.0,1050,1299
4.103105590062111,2.0,16.0,5.5,8,9.784832451499119,4200,5498
3.8,6.0,32.0,4.7,64,8.0,3000,3999
4.5,8.0,256.0,6.67,48,8.0,3800,43999
4.6,6.0,128.0,6.67,48,8.0,3800,42990
4.1,6.0,32.0,3.7,64,9.784832451499119,4700,990
4.5,8.0,128.0,6.7,64,1.0,4700,77999
4.5,8.0,128.0,6.7,48,12.0,4700,47999
4.3,2.0,32.0,6.2,38,2.0,4230,12990
4.1,8.0,64.0,4.54,64,9.784832451499119,2500,1199
3.7,6.0,32.0,2.0,64,13.0,1550,1699
3.8,6.0,32.0,4.54,48,9.784832451499119,3000,1349
3.8,6.0,32.0,4.54,25,23.0,3000,1240
4.103105590062111,6.0,32.0,4.5,64,32.0,3000,649
4.103105590062111,6.0,32.0,4.5,64,13.0,3000,649
3.8,12.0,24.0,2.0,64,9.784832451499119,1550,1690
3.7,6.0,32.0,4.77,48,9.784832451499119,1750,927
4.1,6.066344993968637,32.0,4.5,64,23.0,3000,1599
3.6,8.0,32.0,4.5,48,9.784832451499119,3000,649
3.9,6.0,32.0,4.5,64,15.0,3000,999
4.5,6.0,128.0,6.4,35,13.0,3800,54990
4.0,4.0,64.0,5.5,38,1.0,4010,21499
4.2,6.0,128.0,6.53,48,2.0,3800,15999
4.2,6.0,24.0,4.54,48,9.784832451499119,1750,1799
4.6,12.0,128.0,6.1,35,7.0,3500,573000
4.2,6.0,32.0,4.54,48,18.0,1750,1549
4.0,6.0,32.0,4.5,48,9.784832451499119,3000,847
3.9,12.0,12.0,4.54,48,13.0,3000,1579
3.9,6.0,32.0,4.54,48,5.0,3000,1330
3.6,6.0,32.0,4.54,38,9.784832451499119,1200,945
3.6,6.0,32.0,4.54,38,0.0,1200,945
3.8,3.0,32.0,6.2,48,8.0,3000,15899
4.1,8.0,128.0,6.4,35,20.0,3000,31590
3.9,6.0,32.0,4.77,48,9.784832451499119,1750,1451
4.1,3.0,32.0,5.4,38,5.0,3000,7490
4.3,1.0,16.0,4.5,48,9.784832451499119,3000,798
4.3,1.0,16.0,4.5,48,2.0,3000,869
3.8,4.0,64.0,4.54,48,9.784832451499119,1200,3580
4.0,6.0,32.0,4.54,64,14.0,2500,1695
3.5,6.0,32.0,4.52,48,9.784832451499119,3800,2599
4.7,8.0,64.0,6.5,35,12.0,3000,117100
4.6,4.0,64.0,6.2,35,8.0,3500,53990
4.4,6.0,128.0,6.39,48,12.0,3800,31999
3.8,6.0,32.0,4.54,48,9.784832451499119,2800,1299
4.1,8.0,64.0,4.54,64,13.0,2500,1390
3.6,6.0,32.0,4.5,48,9.784832451499119,3000,898
3.5,6.0,32.0,4.5,64,17.0,1050,799
4.7,12.0,256.0,5.8,35,12.0,3800,121300
3.7,10.0,32.0,4.5,64,9.784832451499119,3000,799
4.4,3.0,32.0,6.2,48,1.0,3800,9790
3.8,6.0,32.0,4.4,48,9.784832451499119,3000,930
3.8,6.0,32.0,4.4,48,9.784832451499119,3000,930
4.5,6.0,64.0,5.99,35,5.0,3800,13999
3.8,6.0,32.0,4.54,64,9.784832451499119,4100,1149
4.5,6.0,128.0,6.39,48,13.0,3800,24999
4.7,12.0,256.0,4.7,35,7.0,5000,56999
4.7,8.0,64.0,6.1,35,12.0,3800,68300
3.9,3.0,16.0,5.0,38,5.0,4200,8798
3.9,3.0,16.0,5.0,38,5.0,4200,8990
4.1,6.0,32.0,4.54,48,9.784832451499119,3000,3149
3.6,1.0,32.0,4.5,48,10.0,3500,799
3.9,6.0,32.0,4.5,48,9.784832451499119,3000,999
4.3,3.0,64.0,5.7,35,18.0,3500,42998
4.4,8.0,128.0,6.4,48,8.0,3800,18990
4.7,8.0,64.0,5.8,35,12.0,3500,106600
4.103105590062111,6.0,64.0,4.54,48,9.784832451499119,2800,649
4.0,6.0,32.0,4.54,48,9.784832451499119,1900,1349
4.0,3.0,32.0,5.5,38,5.0,3000,103000
4.4,6.0,64.0,6.41,48,2.0,3600,18989
4.4,6.0,128.0,6.3,48,5.0,3800,17990
4.2,4.0,4.0,4.54,48,9.784832451499119,1020,1500
3.9,6.0,64.0,4.54,48,9.784832451499119,3600,1799
4.103105590062111,6.0,32.0,4.54,48,32.0,1900,1570
4.5,8.0,256.0,6.5,48,8.0,3800,38990
3.9,1.0,16.0,4.58,48,8.0,3000,1399
3.4,6.0,32.0,4.77,48,9.784832451499119,3000,785
4.0,6.0,32.0,4.77,48,9.784832451499119,3000,2100
4.0,4.0,32.0,5.7,38,2.0,3030,9999
4.2,4.0,4.0,4.5,64,9.784832451499119,3500,1149
3.9,5.0,32.0,4.54,48,8.0,3000,1049
3.9,5.0,32.0,4.54,48,8.0,3000,999
3.8,12.0,56.0,4.57,48,10.0,3000,1799
4.3,6.066344993968637,64.0,4.4,64,9.784832451499119,3500,1100
4.2,3.0,64.37307692307692,5.597281774580336,64,9.784832451499119,3800,1790
3.6,6.0,32.0,4.54,64,8.0,2800,1125
4.3,6.066344993968637,64.0,2.0,64,9.784832451499119,3500,1625
3.4,6.0,32.0,4.77,48,8.0,3000,559
3.7,6.0,32.0,4.5,64,9.784832451499119,3000,749
4.5,8.0,256.0,6.39,48,13.0,3800,29999
4.3,3.0,32.0,6.2,38,2.0,4230,8990
4.2,2.0,16.0,5.7,38,8.0,3180,9490
4.3,3.0,32.0,6.2,38,2.0,4230,9490
4.3,3.0,32.0,5.5,38,1.0,3000,14990
3.9,4.0,20.0,4.54,48,9.784832451499119,3700,1499
4.4,4.0,32.0,5.7,48,2.0,3000,18990
4.2,6.0,128.0,6.28,35,5.0,3200,36990
3.7,6.0,64.0,4.5,48,9.784832451499119,3000,649
4.5,6.0,64.0,6.39,48,13.0,3800,21999
4.103105590062111,6.0,32.0,4.5,48,9.784832451499119,3000,1099
3.9,6.0,32.0,4.8,48,9.784832451499119,3000,940
4.5,8.0,128.0,6.7,64,1.0,4700,77999
3.9,6.0,32.0,4.5,48,9.784832451499119,3000,899
4.5,6.0,128.0,6.39,48,13.0,3800,24999
4.2,6.0,128.0,6.08,48,8.0,4030,14990
4.6,12.0,64.0,6.1,35,7.0,3500,573000
4.1,6.0,64.0,4.54,48,9.784832451499119,3700,1250
4.3,4.0,64.0,4.54,48,20.0,1020,2450
4.1,1.0,16.0,4.58,48,8.0,3800,2299
4.0,6.0,32.0,4.77,48,8.0,1100,685
3.6,6.0,2.4,5.597281774580336,48,9.784832451499119,3000,1190
4.1,6.0,25.0,4.54,48,12.0,3000,1369
4.3,6.0,32.0,4.4,64,9.784832451499119,3000,960
3.7,4.0,40.0,4.58,48,8.0,3800,1799
3.7,6.0,64.0,4.5,48,9.784832451499119,3000,639
3.5,6.0,64.0,4.5,48,8.0,3000,639
4.3,3.0,32.0,6.2,38,2.0,4230,13744
3.9,6.0,32.0,4.77,64,9.784832451499119,4600,1399
3.5,6.0,64.0,4.5,48,12.0,3000,639
4.3,4.0,32.0,6.22,38,5.0,3260,13950
3.8,6.0,32.0,4.54,48,9.784832451499119,3500,1149
4.4,2.0,16.0,5.0,38,2.0,3050,13999
4.0,6.0,32.0,4.54,48,9.784832451499119,3000,1690
3.7,8.0,64.0,4.5,48,5.0,3000,479
4.2,4.0,22.0,4.503,48,9.784832451499119,3000,2025
4.7,8.0,64.0,6.5,35,12.0,3500,117100
4.103105590062111,8.0,128.0,6.4,48,9.784832451499119,3500,22999
4.103105590062111,8.0,128.0,6.4,48,5.0,3500,22999
3.9,6.0,32.0,4.54,64,9.784832451499119,1200,1299
4.1,4.0,64.37307692307692,4.4,64,9.784832451499119,3500,1549
4.4,6.0,128.0,6.3,48,1.0,3800,153000
3.7,8.0,64.0,4.5,48,6.0,3000,650
4.2,6.0,24.0,4.54,48,9.784832451499119,1750,1599
3.6,6.0,64.0,4.5,48,4.0,3000,1199
3.4,1.0,4.0,4.7,38,2.0,2800,13298
3.6,8.0,64.0,4.77,48,9.784832451499119,3000,650
4.5,6.0,64.0,6.26,35,5.0,3800,17999
4.2,4.0,64.0,6.5,48,8.0,5000,16499
4.2,6.0,64.0,6.3,48,5.0,3500,18099
4.2,8.0,64.0,4.77,48,9.784832451499119,3000,699
4.1,1.0,16.0,5.4,8,5.0,3000,6999
4.3,8.0,64.0,4.77,48,5.0,3000,649
3.2,6.0,64.0,4.5,64,8.0,3500,539
4.1,6.0,32.0,4.77,48,9.784832451499119,2500,1099
3.7,6.0,32.0,4.54,38,16.0,3000,1299
4.1,6.0,32.0,4.77,48,9.784832451499119,3000,649
3.5,6.0,64.0,4.5,48,8.0,3000,749
4.1,6.0,32.0,4.5,48,16.0,3000,649
4.4,6.0,128.0,6.5,40,2.0,3750,13699
3.9,6.0,32.0,4.5,48,9.784832451499119,3000,813
3.8,6.0,32.0,44.0,48,8.0,3000,890
4.4,6.0,64.0,6.38,48,8.0,4700,18999
3.9,6.0,32.0,4.5,48,9.784832451499119,1750,999
3.6,6.0,64.0,4.5,48,9.784832451499119,3000,649
3.7,6.0,64.0,4.5,48,12.0,3000,1199
3.8,25.0,25.0,4.54,48,9.784832451499119,3000,1199
4.3,6.066344993968637,64.0,4.4,64,8.0,3500,1200
4.1,6.0,32.0,4.54,48,8.0,3000,899
4.3,4.0,64.0,4.8,38,2.0,3000,15999
4.0,12.0,24.0,4.5,48,9.784832451499119,3500,799
4.4,8.0,128.0,6.7,48,8.0,3000,52962
3.5,6.0,64.0,4.5,48,20.0,3000,1299
3.4,6.0,32.0,4.77,48,9.784832451499119,3500,735
4.4,3.0,32.0,6.2,48,16.0,3800,12999
4.2,4.0,64.0,5.99,40,12.0,3010,14990
4.2,6.0,128.0,6.08,48,8.0,4030,17190
4.6,4.0,64.0,6.2,35,8.0,3500,53990
4.2,6.0,32.0,4.54,64,9.784832451499119,3000,990
4.4,2.0,16.0,6.1,38,2.0,3800,6499
4.4,6.0,64.0,6.5,40,2.0,3750,19999
3.8,6.0,32.0,4.5,48,9.784832451499119,3000,1199
4.1,4.0,3.0,4.5,48,12.0,3000,949
4.0,6.0,32.0,4.5,48,8.0,3500,948
3.4,0.0,64.0,4.5,48,9.784832451499119,3000,595
4.1,6.0,32.0,4.54,48,8.0,3000,3149
4.5,6.0,64.0,6.18,35,5.0,3800,21999
3.5,6.0,64.0,4.5,48,16.0,3000,1199
3.5,6.0,64.0,4.5,48,9.784832451499119,3000,1199
3.3,2.0,16.0,5.0,8,9.784832451499119,2000,7199
3.9,6.0,32.0,4.5,64,20.0,3000,950
4.0,30.0,0.0,4.5,64,9.784832451499119,3500,799
4.5,8.0,128.0,6.44,48,13.0,4100,253000
4.2,4.0,2.0,2.0,48,9.784832451499119,3000,2025
3.5,6.0,64.0,4.5,48,20.0,3000,669
4.1,6.0,32.0,4.5,48,9.784832451499119,3000,849
4.1,6.0,32.0,4.5,48,20.0,3000,850
3.6,6.0,64.0,4.5,48,9.784832451499119,3000,639
4.1,6.0,32.0,4.54,48,20.0,3000,1199
4.7,12.0,64.0,5.8,35,12.0,3500,84900
4.3,4.0,128.0,5.84,38,2.0,3000,19999
4.0,6.0,32.0,4.54,48,9.784832451499119,3000,1640
3.4,6.0,64.0,4.5,48,20.0,3000,599
3.7,6.0,64.0,4.5,48,20.0,3000,1199
4.4,3.0,32.0,6.1,38,5.0,3260,13990
4.0,6.0,32.0,4.5,64,9.784832451499119,3000,599
3.9,34.0,64.0,4.5,48,21.0,3000,955
4.5,6.0,128.0,5.8,48,12.0,3100,59000
3.2,6.0,64.0,44.0,48,9.784832451499119,3500,899
4.1,6.0,32.0,4.5,48,20.0,3000,1111
4.1,6.0,32.0,4.5,48,15.0,3000,1099
3.3,6.0,25.0,4.54,64,9.784832451499119,3000,715
4.2,8.0,64.0,4.77,48,32.0,3000,749
3.9,6.0,32.0,4.54,48,9.784832451499119,1200,1199
4.3,3.0,64.0,6.22,38,2.0,5000,9998
3.5,1.0,20.0,4.54,48,9.784832451499119,2800,849
4.4,4.0,128.0,6.35,38,2.0,5000,13900
4.1,6.0,32.0,4.54,48,5.0,3000,850
3.8,4.0,64.0,4.54,48,9.784832451499119,1200,4399
4.2,6.0,128.0,6.08,48,8.0,4030,17398
3.4,6.0,64.0,4.5,48,5.0,3000,1099
3.6,6.0,20.0,4.5,48,9.784832451499119,3000,599
4.3,4.0,128.0,5.84,38,2.0,3000,19999
4.103105590062111,6.0,32.0,4.5,48,9.784832451499119,2500,799
4.7,8.0,64.0,5.8,35,12.0,3500,112450
4.4,6.0,64.0,6.5,48,5.0,3800,24990
3.9,6.0,32.0,4.58,48,5.0,3000,1499
4.5,6.0,64.0,6.3,48,2.0,3500,19990
4.8,12.0,15.0,4.5,35,9.784832451499119,2800,899
4.0,6.0,32.0,4.5,38,32.0,1750,999
3.9,8.0,64.0,4.54,64,32.0,2500,1710
3.1,6.0,32.0,4.5,48,9.784832451499119,3000,599
3.5,6.0,64.0,4.5,48,21.0,3000,1099
4.4,4.0,64.0,5.99,48,2.0,3225,22221
3.5,8.0,32.0,4.5,48,13.0,2500,799
4.0,6.0,32.0,4.5,48,13.0,3500,899
3.9,6.0,32.0,4.54,48,9.784832451499119,1200,1273
4.3,8.0,64.0,4.77,48,9.784832451499119,3000,649
3.5,6.0,64.0,4.5,48,12.0,3000,1099
4.6,8.0,64.0,5.5,35,12.0,3500,49900
4.5,8.0,256.0,6.3,35,12.0,3500,75000
4.4,4.0,64.0,6.0,48,9.784832451499119,3750,11950
4.1,4.0,4.0,4.54,48,12.0,3000,1540
3.2,6.0,64.0,44.0,48,9.784832451499119,3500,899
4.2,6.0,24.0,4.54,48,12.0,1750,1480
3.7,6.0,64.0,4.5,48,9.784832451499119,3000,639
4.1,6.0,32.0,4.5,48,0.0,1050,849
4.0,6.0,32.0,4.58,48,20.0,3700,1300
3.6,6.0,64.0,4.5,48,9.784832451499119,3000,1199
3.4,6.0,64.0,4.5,48,14.0,3000,599
3.8,8.0,64.0,4.77,48,9.784832451499119,3000,649
3.8,6.0,64.0,4.5,48,11.0,3500,870
4.103105590062111,10.0,10.0,4.5,48,11.0,3000,920
3.0,6.0,35.0,4.54,48,23.0,2800,949
4.0,6.0,32.0,4.5,48,32.0,3500,998
3.4,6.0,64.0,4.5,48,8.0,3000,1199
3.9,6.0,32.0,4.54,48,0.0,3000,1200
3.4,6.0,64.0,4.54,20,8.0,3500,639
4.1,6.0,32.0,4.5,48,9.784832451499119,3000,3000
4.5,6.0,64.0,6.3,48,2.0,3750,25999
3.5,6.0,64.0,4.5,48,8.0,3000,639
3.5,6.0,64.0,4.5,48,9.784832451499119,3000,639
4.1,6.0,32.0,4.77,48,5.0,2500,1225
3.9,6.0,32.0,4.54,48,9.784832451499119,3000,1049
3.5,2.0,16.0,5.5,5,5.0,2500,4999
4.6,4.0,64.0,6.6,38,2.0,5000,9499
4.5,4.0,128.0,6.5,48,8.0,5000,11999
4.5,4.0,128.0,6.5,48,8.0,5000,11999
4.5,4.0,128.0,6.5,48,8.0,5000,11999
4.4,6.0,128.0,6.53,64,8.0,4700,16999
4.4,6.0,128.0,6.5,64,8.0,4700,16999
4.5,6.0,64.0,6.67,64,8.0,4700,17499
4.5,6.0,64.0,6.6,64,12.0,4700,17999
4.4,4.0,128.0,6.5,48,8.0,5000,16990
4.4,3.0,32.0,6.35,38,8.0,5000,10990
4.5,6.0,128.0,6.5,64,8.0,5000,17499
4.4,3.0,32.0,6.35,38,8.0,5000,10990
4.3,3.0,32.0,6.22,38,2.0,4230,9990
4.3,3.0,32.0,6.22,38,2.0,4230,9990
4.3,4.0,64.0,7.0,48,5.0,6000,9999
4.3,4.0,64.0,7.0,48,5.0,6000,9999
4.3,4.0,64.0,6.5,35,2.0,4230,12490
4.3,8.0,128.0,6.5,48,8.0,5000,15990
4.3,2.0,32.0,6.2,38,2.0,4230,8990
4.4,4.0,64.0,6.35,38,2.0,5000,12900
4.3,3.0,32.0,5.7,38,2.0,3800,9939
4.4,3.0,64.0,6.35,38,2.0,5000,12649
4.3,3.0,32.0,5.7,38,2.0,3800,9987
3.4,6.0,64.0,4.5,48,9.784832451499119,3000,599
4.3,4.0,4.0,4.5,64,9.784832451499119,3500,3000
4.4,6.0,64.0,6.4,48,5.0,3800,18999
4.5,6.0,128.0,6.18,35,5.0,3800,18999
4.7,8.0,64.0,5.8,35,12.0,3500,140300
4.4,8.0,128.0,6.7,64,5.0,4700,29999
4.5,8.0,128.0,6.7,48,12.0,4700,47999
4.4,4.0,128.0,6.53,48,2.0,4020,16490
4.5,8.0,256.0,6.18,35,5.0,3800,22999
3.9,6.0,32.0,4.54,64,9.784832451499119,4100,1099
3.8,6.0,32.0,4.5,64,9.784832451499119,1050,1299
4.103105590062111,2.0,16.0,5.5,8,8.0,4200,5498
3.8,6.0,32.0,4.7,64,9.784832451499119,4300,3999
4.5,8.0,256.0,6.67,48,8.0,3800,43999
4.6,6.0,128.0,6.67,48,8.0,3800,42990
4.1,6.0,32.0,3.7,64,9.784832451499119,3500,990
4.5,8.0,128.0,6.7,64,1.0,4700,77999
4.5,8.0,128.0,6.7,48,12.0,4700,47999
4.3,2.0,32.0,6.2,38,2.0,4230,12990
4.1,8.0,64.0,4.54,64,9.784832451499119,2500,1199
3.7,6.0,32.0,2.0,64,9.784832451499119,1550,1699
3.8,6.0,32.0,4.54,48,8.0,3000,1349
3.8,6.0,32.0,4.54,25,9.784832451499119,3000,1240
4.103105590062111,6.0,32.0,4.5,25,8.0,1080,649
4.103105590062111,6.0,32.0,4.5,25,8.0,1080,649
3.9,4.0,24.0,4.77,48,8.0,1750,984
4.0,6.0,32.0,3.7,16,8.0,3000,975
4.1,6.0,64.0,4.5,48,9.784832451499119,3000,985
4.5,6.0,128.0,6.39,48,13.0,3800,24999
3.9,6.0,32.0,4.54,25,9.784832451499119,3000,1329
3.5,6.0,64.0,4.5,48,9.784832451499119,3000,599
4.6,8.0,256.0,6.55,48,1.0,3000,38050
4.6,8.0,128.0,6.55,48,1.0,3000,37319
4.5,6.0,64.0,5.5,35,12.0,3500,36999
4.5,8.0,128.0,6.5,64,13.0,3800,31999
4.6,12.0,25.0,6.5,64,13.0,3800,35999
4.5,8.0,128.0,6.5,64,13.0,3800,31999
4.4,6.0,128.0,6.59,48,8.0,3800,16999
4.4,2.0,32.0,6.22,38,5.0,4030,8996
4.5,6.0,128.0,6.4,64,8.0,6000,19900
4.4,8.0,128.0,6.44,48,13.0,4440,34990
4.1,6.0,32.0,4.54,48,9.784832451499119,3000,1699
3.8,6.0,32.0,4.7,64,9.784832451499119,3500,3999
3.8,6.0,32.0,4.7,64,5.0,3000,3999
4.3,4.0,64.0,6.5,38,8.0,3800,14999
4.5,8.0,128.0,6.44,48,8.0,4700,24990
4.7,8.0,64.0,6.1,35,12.0,5000,68300
4.1,6.0,32.0,4.4,48,9.784832451499119,2500,985
4.0,6.0,32.0,3.7,16,9.784832451499119,3000,980
3.0,8.0,64.0,4.54,48,9.784832451499119,3800,899
4.5,4.0,128.0,6.38,48,8.0,4700,16990
4.1,6.0,32.0,4.4,48,9.784832451499119,2500,935
4.5,8.0,64.0,4.7,35,7.0,5000,38999
4.1,6.0,32.0,3.7,64,9.784832451499119,5000,930
4.1,6.0,32.0,3.7,64,5.0,3500,980
4.5,8.0,128.0,6.7,35,12.0,4700,39999
4.1,3.0,32.0,6.26,38,9.784832451499119,3800,9999
4.3,6.0,64.0,6.5,48,8.0,5000,18499
3.9,6.0,32.0,4.77,48,9.784832451499119,2800,1099
3.9,6.0,32.0,4.77,48,5.0,2800,982
4.103105590062111,8.0,64.0,4.5,16,9.784832451499119,3000,799
4.4,8.0,128.0,6.44,48,13.0,4440,34990
4.4,8.0,256.0,6.44,48,13.0,4440,37990
4.3,3.0,32.0,6.22,38,9.784832451499119,4030,10169
4.3,6.066344993968637,64.0,4.4,64,9.784832451499119,3500,1346
4.4,6.0,64.0,6.53,64,8.0,4700,16899
4.5,4.0,64.0,5.6,35,20.0,3000,30999
3.9,6.0,32.0,4.5,64,9.784832451499119,2000,749
4.3,6.0,64.0,6.5,48,8.0,5000,18499
4.1,6.0,32.0,4.7,48,5.0,3000,1499
3.9,6.0,32.0,4.5,48,5.0,3000,849
4.0,6.0,32.0,4.5,48,5.0,3000,1049
3.7,6.0,32.0,4.5,48,9.784832451499119,3000,649
4.3,6.0,128.0,5.99,35,5.0,3700,16999
4.4,8.0,256.0,6.44,48,8.0,4700,31990
3.6,6.0,64.0,4.5,48,9.784832451499119,3500,629
4.1,6.0,32.0,44.0,48,5.0,3000,970
4.5,8.0,128.0,6.7,35,12.0,4700,39999
3.9,6.0,32.0,4.54,48,9.784832451499119,3000,1349
3.9,6.0,32.0,4.54,48,5.0,1750,1110
4.0,8.0,64.37307692307692,4.77,48,9.784832451499119,2500,1045
4.4,6.0,128.0,6.26,48,2.0,3750,22999
3.6,6.0,64.0,4.5,48,9.784832451499119,3000,649
4.4,8.0,128.0,6.4,64,13.0,4025,29990
4.4,8.0,128.0,6.7,64,12.0,4700,32999
4.5,6.0,128.0,6.39,48,13.0,3000,24999
3.5,6.0,64.0,4.5,48,5.0,3000,599
4.2,4.0,4.0,4.54,48,9.784832451499119,1020,2135
4.4,12.0,25.0,6.44,48,13.0,4440,44990
4.5,8.0,256.0,6.6,48,13.0,4065,41990
3.7,8.0,64.0,4.5,64,9.784832451499119,1050,799
4.5,8.0,128.0,6.3,48,2.0,3500,15490
3.4,6.0,32.0,4.5,48,5.0,1050,629
4.5,6.0,64.0,6.5,64,13.0,3800,29999
3.4,6.0,32.0,4.5,48,9.784832451499119,1050,629
4.4,8.0,256.0,6.44,48,8.0,4700,31990
4.6,8.0,256.0,6.67,48,1.0,4085,46970
4.2,6.0,32.0,4.54,48,5.0,2500,1259
4.2,6.0,32.0,4.54,64,9.784832451499119,2500,1619
4.5,4.0,64.0,6.26,35,5.0,3000,14995
4.2,4.0,4.0,4.5,64,5.0,3500,1349
3.6,8.0,64.0,4.54,64,5.0,2500,1079
4.1,6.0,32.0,4.54,48,20.0,3500,3399
4.1,6.0,32.0,4.4,48,12.0,2500,970
4.1,6.0,32.0,3.7,64,12.0,3500,945
3.9,4.0,64.0,4.54,64,9.784832451499119,1750,1399
4.3,8.0,128.0,6.52,48,8.0,5000,15990
3.7,6.0,64.0,4.54,48,12.0,1500,749
4.0,6.0,32.0,4.77,48,12.0,3800,980
4.4,6.0,128.0,6.5,48,5.0,3800,17990
4.3,6.0,32.0,4.58,64,12.0,1750,1799
4.1,8.0,64.0,4.77,48,9.784832451499119,3800,1275
4.1,8.0,64.0,4.77,48,8.0,5000,1275
4.1,8.0,64.0,4.77,48,9.784832451499119,3000,1275
4.0,6.0,32.0,4.5,48,12.0,3000,949
4.5,4.0,64.0,5.6,35,20.0,3000,30999
4.5,6.0,128.0,6.4,64,8.0,6000,19900
3.8,6.0,32.0,4.4,48,9.784832451499119,2500,705
3.8,6.0,32.0,4.4,48,12.0,2500,705
4.1,1.0,16.0,5.0,5,2.0,2500,5049
4.5,6.0,64.0,6.39,48,13.0,3800,21999
4.5,6.0,64.0,5.5,35,12.0,3500,36999
3.8,6.0,32.0,4.54,48,12.0,2800,1149
4.2,6.0,32.0,4.54,48,20.0,1200,1499
3.9,6.0,32.0,4.5,64,12.0,2000,749
4.2,8.0,51.0,4.54,48,9.784832451499119,1750,1599
4.4,8.0,128.0,6.4,64,13.0,4025,29990
4.4,8.0,128.0,6.4,64,13.0,4025,29990
3.7,0.0,64.0,4.54,64,9.784832451499119,3500,949
4.1,6.0,32.0,3.7,64,15.0,3500,970
3.5,6.0,64.0,4.5,48,9.784832451499119,3000,649
4.5,6.0,64.0,6.26,35,5.0,3000,16675
3.8,6.0,32.0,4.77,48,15.0,3000,959
3.8,6.0,32.0,4.77,48,15.0,3000,995
4.4,6.0,64.0,6.38,48,8.0,4700,18990
3.7,6.0,32.0,4.54,64,9.784832451499119,2800,899
4.1,6.0,32.0,44.0,48,15.0,3000,935
4.1,6.0,32.0,44.0,48,15.0,3000,970
4.1,6.0,32.0,44.0,48,15.0,3000,940
4.4,4.0,64.0,6.35,38,2.0,5000,12900
4.0,6.0,32.0,4.54,64,9.784832451499119,2500,1699
3.4,6.0,64.0,4.54,20,9.784832451499119,3500,1299
4.5,8.0,256.0,6.67,48,8.0,3800,42990
4.6,6.0,128.0,6.67,48,8.0,3800,42990
4.0,3.0,32.0,5.4,38,8.0,3800,7999
4.5,8.0,128.0,6.7,64,1.0,4700,77999
3.7,6.0,32.0,2.0,64,16.0,1550,1699
3.8,6.0,32.0,4.54,48,16.0,3000,1349
4.2,4.0,3.0,4.77,48,9.784832451499119,1750,1299
4.7,8.0,64.0,5.8,35,12.0,5000,140300
4.6,8.0,128.0,6.1,48,12.0,3000,563000
4.2,12.0,24.0,4.77,48,9.784832451499119,3000,1149
4.1,10.0,25.0,6.41,48,2.0,3000,39999
4.1,3.0,32.0,5.7,38,1.0,2900,9990
4.2,4.0,64.0,4.5,64,9.784832451499119,3500,1098
4.2,4.0,64.0,4.5,64,16.0,3000,1099
3.5,6.0,64.0,4.5,48,16.0,3000,1199
4.2,6.0,32.0,4.54,48,61.0,1750,1390
3.8,12.0,24.0,2.0,64,9.784832451499119,1550,1690
3.7,6.0,32.0,4.77,48,9.784832451499119,1750,927
4.5,6.0,128.0,6.39,48,32.0,3000,21099
4.5,6.0,64.0,5.5,35,12.0,3500,36999
4.103105590062111,6.0,32.0,4.5,64,9.784832451499119,3000,649
4.103105590062111,6.0,32.0,4.5,64,9.784832451499119,3000,649
4.1,6.0,32.0,4.5,64,8.0,3000,1599
3.6,8.0,32.0,4.5,48,8.0,3000,649
4.2,6.0,24.0,4.54,48,8.0,1750,1799
4.6,12.0,64.0,6.1,35,7.0,3500,573000
4.2,6.0,32.0,4.54,48,5.0,1750,1549
3.9,12.0,12.0,4.54,48,5.0,3000,1579
3.9,6.0,32.0,4.54,48,9.784832451499119,3000,1330
4.1,8.0,128.0,6.4,35,20.0,3000,31590
3.6,6.0,32.0,4.54,38,20.0,1200,945
3.6,6.0,32.0,4.54,38,0.0,1200,945
3.8,3.0,32.0,6.2,48,8.0,3000,15899
4.1,3.0,32.0,5.4,38,5.0,3000,7490
3.9,6.0,32.0,4.77,48,9.784832451499119,1750,1451
4.3,1.0,16.0,4.5,48,8.0,3000,869
4.3,1.0,16.0,4.5,48,8.0,3000,798
4.103105590062111,6.0,32.0,4.5,64,9.784832451499119,3000,649
3.9,6.0,32.0,4.5,48,11.0,3000,900
4.103105590062111,6.0,32.0,4.5,64,9.784832451499119,3000,649
4.3,4.0,4.0,4.77,64,11.0,3500,1349
4.1,4.0,64.0,5.9,38,2.0,3000,14999
3.4,4.0,64.0,5.5,48,5.0,3000,13999
4.5,8.0,128.0,6.44,48,13.0,4100,29499
4.2,4.0,4.0,4.5,64,13.0,3500,1599
4.4,2.0,16.0,6.22,38,5.0,4030,9350
4.4,6.0,64.0,6.4,48,5.0,3800,18999
4.0,6.0,32.0,4.54,64,9.784832451499119,2500,1695
3.8,4.0,64.0,4.54,48,9.784832451499119,1200,3580
4.7,8.0,64.0,6.5,35,12.0,3500,117100
4.6,4.0,64.0,6.2,35,8.0,3500,53990
4.4,6.0,128.0,6.39,48,12.0,3800,31999
3.6,6.0,32.0,4.5,48,9.784832451499119,3000,898
3.8,6.0,32.0,4.54,48,9.784832451499119,2800,1299
4.4,3.0,32.0,6.2,48,1.0,3800,9790
3.7,10.0,32.0,4.5,64,9.784832451499119,3500,799
3.5,6.0,32.0,4.5,64,14.0,1050,799
3.8,6.0,32.0,4.4,48,14.0,3000,930
3.8,6.0,32.0,4.4,48,9.784832451499119,3000,930
4.5,6.0,64.0,5.99,35,5.0,3800,13999
4.7,12.0,64.0,4.7,35,7.0,3500,56999
4.7,8.0,64.0,6.1,35,12.0,3500,68300
4.1,6.0,32.0,4.54,48,20.0,3000,3149
3.6,1.0,32.0,4.5,48,9.784832451499119,3500,799
4.2,8.0,64.37307692307692,4.58,64,9.784832451499119,1750,1840
4.4,6.0,128.0,6.3,26,5.0,3000,27999
3.6,6.0,35.0,4.5,64,9.784832451499119,1050,849
4.5,4.0,64.0,6.3,48,5.0,3260,23990
4.2,8.0,128.0,6.59,35,5.0,3800,29990
4.3,3.0,32.0,5.65,38,2.0,3000,13999
4.5,8.0,128.0,6.7,64,1.0,4700,77999
4.6,12.0,64.0,6.1,35,7.0,3500,573000
4.1,2.0,32.0,5.5,38,5.0,4900,15999
3.8,6.0,64.0,4.5,64,9.784832451499119,3000,749
3.8,6.0,64.0,4.5,64,9.784832451499119,3000,749
4.4,3.0,32.0,6.3,48,5.0,3800,9999
3.9,6.0,32.0,4.5,48,9.784832451499119,3000,999
4.7,8.0,64.0,5.8,35,12.0,3500,106600
4.3,3.0,64.0,5.7,35,20.0,3500,42998
4.4,4.0,128.0,6.53,48,8.0,5000,16299
4.103105590062111,6.0,64.0,4.54,48,9.784832451499119,2800,649
4.2,12.0,24.0,4.77,48,9.784832451499119,5000,3000
4.3,2.0,32.0,6.1,8,5.0,3800,8490
4.4,6.0,64.0,6.41,48,13.0,3600,18989
4.103105590062111,6.0,32.0,4.54,48,13.0,1900,1570
3.9,6.0,64.0,4.54,48,9.784832451499119,3600,1799
4.0,4.0,32.0,5.7,38,2.0,3030,9999
4.2,4.0,4.0,4.5,64,9.784832451499119,3500,1149
3.9,5.0,32.0,4.54,48,8.0,3000,999
3.9,5.0,32.0,4.54,48,8.0,3000,1049
3.9,1.0,16.0,4.58,48,8.0,3000,1399
4.5,8.0,256.0,6.5,48,8.0,3800,38990
4.0,6.0,32.0,4.77,48,9.784832451499119,3000,2100
3.8,12.0,56.0,4.57,48,13.0,3000,1799
4.3,6.066344993968637,64.0,4.4,64,13.0,3500,1100
4.5,6.0,64.0,6.3,48,5.0,4045,15999
3.9,6.0,32.0,4.54,48,13.0,3000,1330
4.2,6.0,32.0,4.54,48,13.0,1750,1549
4.0,6.0,32.0,4.5,48,13.0,3000,847
3.9,12.0,12.0,4.54,48,9.784832451499119,3000,1579
3.6,6.0,32.0,4.54,38,20.0,1200,945
3.6,6.0,32.0,4.54,38,0.0,1200,945
3.8,3.0,32.0,6.2,48,8.0,3000,15899
4.1,8.0,128.0,6.4,35,20.0,3000,31590
3.9,6.0,32.0,4.77,48,9.784832451499119,1750,1451
4.1,4.0,64.0,5.9,38,2.0,3000,14999
4.1,3.0,32.0,5.4,38,5.0,3000,7490
4.3,1.0,16.0,4.5,48,8.0,3000,869
4.3,1.0,16.0,4.5,48,8.0,3000,798
4.3,4.0,64.0,6.2,38,2.0,4230,15656
3.9,6.0,32.0,4.5,64,9.784832451499119,3000,1089
4.103105590062111,6.0,32.0,4.5,64,15.0,3000,649
3.9,6.0,32.0,4.5,48,15.0,3000,900
4.103105590062111,6.0,32.0,4.5,64,9.784832451499119,3000,649
4.2,4.0,4.0,4.5,64,13.0,3500,1575
4.5,6.0,128.0,6.39,48,13.0,3800,24999
4.3,4.0,4.0,4.77,64,9.784832451499119,3500,1349
3.4,4.0,64.0,5.5,48,5.0,3000,13999
4.1,6.0,32.0,4.54,64,20.0,3500,949
4.0,6.0,32.0,4.54,64,9.784832451499119,2500,1695
3.8,6.0,32.0,4.54,48,9.784832451499119,2800,1299
4.7,12.0,64.0,5.8,35,12.0,3500,121300
3.7,10.0,32.0,4.5,64,9.784832451499119,3500,799
4.4,3.0,32.0,6.2,48,1.0,3800,9790
3.5,6.0,32.0,4.5,64,9.784832451499119,1050,799
4.5,6.0,64.0,5.99,35,5.0,3800,13999
3.8,6.0,32.0,4.4,48,9.784832451499119,3800,930
3.8,6.0,32.0,4.4,48,32.0,3800,930
4.5,6.0,128.0,6.39,48,13.0,3800,24999
3.8,6.0,32.0,4.54,64,23.0,4100,1149
4.7,12.0,64.0,4.7,35,7.0,3500,56999
3.9,3.0,16.0,5.0,38,5.0,2500,8798
3.9,3.0,16.0,5.0,38,5.0,4200,8990
4.7,8.0,64.0,6.1,35,12.0,3500,68300
4.1,6.0,32.0,4.54,48,20.0,3000,3149
4.1,6.0,32.0,4.54,64,9.784832451499119,1200,1599
4.6,12.0,64.0,5.5,35,12.0,3500,67820
4.2,8.0,64.0,4.58,64,9.784832451499119,1750,1840
3.6,1.0,32.0,4.5,48,9.784832451499119,3500,799
3.6,6.0,35.0,4.5,64,9.784832451499119,1050,849
4.4,6.0,128.0,6.3,26,5.0,3000,27999
4.3,3.0,32.0,5.65,38,2.0,3000,13999
4.5,4.0,64.0,6.3,48,5.0,3260,23990
4.2,8.0,128.0,6.59,35,5.0,3800,29990
3.7,12.0,64.0,4.5,48,9.784832451499119,1050,699
3.9,4.0,24.0,4.77,48,9.784832451499119,1750,984
4.103105590062111,6.0,32.0,4.5,25,9.784832451499119,1080,649
4.4,6.0,128.0,6.4,48,12.0,3800,25250
4.103105590062111,6.0,32.0,4.5,25,9.784832451499119,1080,649
4.0,6.0,32.0,3.7,16,9.784832451499119,3000,975
3.9,6.0,32.0,4.54,25,9.784832451499119,3000,1329
4.5,6.0,128.0,6.39,48,13.0,3000,24999
4.1,6.0,64.0,4.5,48,9.784832451499119,3000,985
4.6,8.0,256.0,6.55,48,1.0,3000,38050
4.6,8.0,128.0,6.55,48,1.0,3000,37319
3.5,6.0,64.0,4.5,48,9.784832451499119,3000,599
4.5,6.0,64.0,5.5,35,12.0,3500,36999
4.6,12.0,25.0,6.5,64,13.0,3800,35999
4.5,8.0,128.0,6.5,64,13.0,3800,31999
4.5,8.0,128.0,6.5,64,13.0,3800,31999
4.4,2.0,32.0,6.22,38,5.0,4030,8995
3.9,6.0,32.0,4.77,25,9.784832451499119,3000,899
4.5,6.0,128.0,6.4,64,8.0,6000,19900
4.4,4.0,128.0,6.5,48,8.0,5000,16990
4.5,6.0,64.0,4.7,35,5.0,3500,28999
4.4,8.0,128.0,6.44,48,13.0,4440,34990
4.0,2.0,32.0,6.2,38,2.0,3800,9989
4.1,6.0,32.0,4.54,48,5.0,3000,1699
3.8,6.0,32.0,4.7,64,5.0,5000,3999
3.8,6.0,32.0,4.7,64,9.784832451499119,3400,3999
4.5,8.0,128.0,6.44,48,8.0,4700,24990
4.7,8.0,64.0,6.1,35,12.0,3500,68300
4.1,6.0,32.0,4.4,48,9.784832451499119,2500,985
4.0,6.0,32.0,3.7,16,23.0,3000,980
3.0,8.0,64.0,4.54,48,23.0,3800,899
4.1,6.0,32.0,3.7,64,9.784832451499119,3500,980
4.1,6.0,32.0,3.7,64,23.0,3500,930
4.1,6.0,32.0,4.4,48,9.784832451499119,2500,935
4.5,4.0,128.0,6.38,48,8.0,4700,16990
4.5,8.0,128.0,6.7,35,12.0,4700,39999
4.3,6.0,64.0,6.5,48,8.0,5000,18499
4.4,8.0,128.0,6.44,48,13.0,4440,34990
4.4,8.0,256.0,6.44,48,13.0,4440,37990
4.103105590062111,8.0,64.0,4.5,16,9.784832451499119,3000,799
3.9,6.0,32.0,4.77,48,12.0,2800,982
3.9,6.0,32.0,4.77,48,9.784832451499119,2800,1099
4.4,6.0,64.0,6.53,64,8.0,4700,16899
4.3,6.066344993968637,64.0,4.4,64,9.784832451499119,3500,1346
4.5,4.0,64.0,5.6,35,20.0,3000,30999
3.9,6.0,32.0,4.5,64,9.784832451499119,2000,749
4.3,6.0,64.0,6.5,48,8.0,5000,18499
4.1,6.0,32.0,4.7,48,12.0,3000,1499
3.7,6.0,32.0,4.5,48,9.784832451499119,3000,649
4.3,6.0,128.0,5.99,35,12.0,3000,16999
3.9,6.0,32.0,4.5,48,9.784832451499119,3000,849
4.0,6.0,32.0,4.5,48,12.0,4700,1049
4.4,8.0,256.0,6.44,48,8.0,4700,31990
3.6,6.0,64.0,4.5,48,9.784832451499119,3500,629
4.5,8.0,128.0,6.7,35,12.0,4700,39999
4.1,6.0,32.0,44.0,48,9.784832451499119,3000,970
4.6,8.0,256.0,6.41,48,5.0,3000,35999
4.0,8.0,64.0,4.77,48,9.784832451499119,3500,1045
3.9,6.0,32.0,4.54,48,12.0,1750,1110
3.9,6.0,32.0,4.54,48,9.784832451499119,3000,1349
4.5,6.0,128.0,6.39,48,13.0,3800,24999
4.4,8.0,128.0,6.7,64,12.0,4700,32999
3.6,6.0,64.0,4.5,48,9.784832451499119,3000,649
4.4,8.0,128.0,6.4,64,13.0,4025,29990
4.4,6.0,128.0,6.26,48,2.0,3750,22999
3.5,6.0,64.0,4.5,48,9.784832451499119,3000,599
4.4,12.0,25.0,6.44,48,13.0,4440,44990
4.2,4.0,4.0,4.54,48,9.784832451499119,1020,2135
4.5,8.0,256.0,6.6,48,13.0,4065,41990
3.4,6.0,32.0,4.5,48,9.784832451499119,1050,629
3.4,6.0,32.0,4.5,48,9.784832451499119,1050,629
4.5,8.0,128.0,6.3,48,2.0,3500,15490
3.7,8.0,64.0,4.5,64,9.784832451499119,1050,799
4.4,8.0,256.0,6.44,48,8.0,4700,31990
4.2,6.0,32.0,4.54,64,9.784832451499119,2500,1619
4.2,6.0,32.0,4.54,48,15.0,2500,1259
4.2,4.0,4.0,4.5,64,15.0,3500,1349
3.6,8.0,64.0,4.54,64,15.0,2500,1079
3.9,4.0,64.0,4.54,64,9.784832451499119,1750,1399
4.1,6.0,32.0,3.7,64,15.0,3500,945
4.1,6.0,32.0,4.4,48,9.784832451499119,2500,970
4.1,6.0,32.0,4.54,48,20.0,3500,3399
4.3,8.0,128.0,6.52,48,8.0,5000,15990
3.7,6.0,64.0,4.54,48,9.784832451499119,1500,749
4.6,8.0,256.0,6.67,48,1.0,4085,46969
4.3,6.0,32.0,4.58,64,9.784832451499119,1750,1799
4.4,6.0,128.0,6.5,48,5.0,4700,17990
4.0,6.0,32.0,4.77,48,9.784832451499119,3000,980
4.1,8.0,64.0,4.77,48,18.0,3000,1275
4.1,8.0,64.0,4.77,48,18.0,3000,1275
4.1,8.0,64.0,4.77,48,18.0,3000,1275
4.0,6.0,32.0,4.5,48,9.784832451499119,3000,949
4.5,6.0,128.0,6.4,64,8.0,6000,19900
4.5,4.0,64.0,5.6,35,20.0,3000,30999
3.8,12.0,64.0,4.54,48,9.784832451499119,2800,1460
4.5,8.0,256.0,6.5,48,8.0,3800,38990
4.5,8.0,128.0,6.7,48,12.0,4700,42999
3.9,6.0,32.0,4.4,64,22.0,3500,890
4.3,4.0,128.0,6.4,48,8.0,3800,18570
4.5,6.0,64.0,6.3,48,2.0,3500,18990
3.7,6.0,32.0,4.5,64,9.784832451499119,1050,699
4.5,8.0,128.0,6.44,48,13.0,4100,29499
4.1,6.0,32.0,4.5,48,9.784832451499119,3000,985
4.5,4.0,64.0,6.26,35,5.0,3000,15990
4.1,6.0,32.0,4.5,48,9.784832451499119,3000,985
4.3,4.0,4.0,4.5,64,9.784832451499119,3500,3000
3.4,6.0,64.0,4.5,48,9.784832451499119,3000,599
4.4,6.0,128.0,6.53,64,8.0,4550,17999
4.5,8.0,128.0,6.7,48,12.0,4700,47999
3.7,4.0,64.0,5.99,38,13.0,3800,24999
4.5,6.0,128.0,6.18,35,5.0,3800,18999
4.4,8.0,128.0,6.7,64,5.0,4700,29999
4.5,8.0,256.0,6.18,35,5.0,3800,22999
3.9,6.0,32.0,4.54,64,9.784832451499119,4100,1099
4.4,4.0,128.0,6.53,48,2.0,3500,16490
3.8,6.0,32.0,4.5,64,9.784832451499119,1050,1299
3.8,6.0,32.0,4.7,64,22.0,2500,3999
4.103105590062111,2.0,16.0,5.5,8,9.784832451499119,4200,5498
4.1,6.0,32.0,3.7,64,22.0,3500,990
4.5,6.0,64.0,6.26,35,5.0,3000,16675
3.8,6.0,32.0,4.77,48,9.784832451499119,3000,995
3.8,6.0,32.0,4.77,48,5.0,4700,959
3.0,8.0,64.0,4.54,48,9.784832451499119,3800,699
4.4,4.0,64.0,6.35,38,2.0,5000,12900
3.4,6.0,64.0,4.54,20,9.784832451499119,3500,1199
3.4,6.0,64.0,4.54,20,5.0,3500,1299
4.0,6.0,32.0,4.54,64,9.784832451499119,2500,1699
4.4,4.0,128.0,6.53,48,2.0,3500,16490
4.2,12.0,24.0,4.77,48,9.784832451499119,3500,999
4.6,8.0,128.0,6.67,26,20.0,4780,51987
4.6,8.0,256.0,6.67,26,20.0,4780,53990
3.5,6.0,64.0,4.5,48,5.0,3000,1199
3.5,6.0,64.0,4.5,48,9.784832451499119,3000,1099
4.0,2.0,32.0,6.2,38,2.0,3800,9499
4.1,6.0,32.0,4.7,48,9.784832451499119,3800,1399
3.6,6.0,64.0,4.5,48,5.0,3000,1099
4.3,4.0,128.0,6.59,48,8.0,3800,16899
4.4,6.0,128.0,6.38,48,8.0,4700,19990
3.9,8.0,8.0,4.58,48,9.784832451499119,1900,1680
4.4,8.0,128.0,6.7,48,8.0,3000,40900
3.9,6.0,32.0,4.58,48,9.784832451499119,3000,1499
3.9,6.0,32.0,4.58,48,9.784832451499119,3000,1499
3.6,6.0,32.0,4.5,48,8.0,3000,639
3.7,6.0,32.0,4.5,48,9.784832451499119,3000,645
3.7,6.0,64.0,4.54,48,8.0,1500,749
4.3,4.0,4.0,4.77,64,9.784832451499119,3500,1349
4.4,6.0,128.0,6.26,48,2.0,3750,22999
4.5,8.0,256.0,6.39,48,13.0,3800,29999
3.4,6.0,64.0,4.5,48,9.784832451499119,3000,1099
3.8,4.0,64.0,4.54,48,9.784832451499119,1200,4277
3.8,6.0,32.0,4.54,48,9.784832451499119,2800,1390
3.8,6.0,32.0,4.54,25,11.0,3800,1280
3.9,6.0,32.0,4.54,48,13.0,3000,1350
4.3,4.0,4.0,4.5,64,14.0,3500,1269
4.1,8.0,64.0,4.77,48,9.784832451499119,3000,1275
4.5,8.0,256.0,6.18,35,5.0,3800,22999
3.5,6.0,64.0,4.5,48,20.0,3000,1199
2.8,1.0,8.0,5.0,8,9.784832451499119,2000,4999
2.8,1.0,8.0,5.0,8,9.784832451499119,2000,4999
4.6,8.0,256.0,6.41,48,5.0,3000,36999
4.6,6.0,128.0,6.41,48,5.0,3000,32999
4.5,8.0,128.0,6.7,48,12.0,4700,42999
3.9,6.0,32.0,4.4,64,9.784832451499119,3500,890
4.5,8.0,256.0,6.5,48,8.0,3800,38990
3.4,6.0,64.0,4.54,20,9.784832451499119,3500,639
4.3,4.0,128.0,6.4,48,8.0,3800,18570
4.5,6.0,64.0,6.3,48,2.0,3350,18990
3.7,6.0,32.0,4.5,64,9.784832451499119,1050,699
4.2,6.0,128.0,6.7,64,5.0,4700,25900
4.5,8.0,128.0,6.44,48,13.0,4100,29499
4.1,6.0,32.0,4.5,48,9.784832451499119,3000,985
4.1,6.0,32.0,4.5,48,9.784832451499119,3000,985
4.3,4.0,128.0,6.0,48,13.0,3000,24999
4.3,4.0,4.0,4.5,64,9.784832451499119,3500,3000
3.4,6.0,64.0,4.5,48,9.784832451499119,4700,599
4.4,6.0,64.0,6.4,48,5.0,3800,18999
4.7,8.0,64.0,5.8,35,12.0,3500,140300
4.5,8.0,128.0,6.7,48,12.0,4700,47999
4.4,8.0,128.0,6.7,64,5.0,4700,29999
3.7,4.0,64.0,5.99,38,13.0,3800,24999
4.5,6.0,128.0,6.18,35,5.0,3800,18999
4.5,8.0,256.0,6.18,35,5.0,3800,22999
4.4,4.0,128.0,6.53,48,2.0,4020,16490
3.9,6.0,32.0,4.54,64,11.0,4100,1099
3.8,6.0,32.0,4.5,64,9.784832451499119,3500,1299
3.8,6.0,32.0,4.7,64,12.0,2000,3999
4.103105590062111,2.0,16.0,5.5,8,9.784832451499119,4200,5498
4.1,6.0,32.0,3.7,64,9.784832451499119,3500,990
4.5,8.0,256.0,6.67,48,8.0,3800,42990
4.6,6.0,128.0,6.67,48,8.0,3800,42990
4.5,8.0,128.0,6.7,48,12.0,4700,47999
4.1,8.0,64.0,4.54,64,9.784832451499119,2500,1199
4.5,8.0,64.0,4.7,35,7.0,3500,38999
4.5,8.0,128.0,6.7,64,1.0,4700,77999
3.7,6.0,32.0,2.0,64,9.784832451499119,1550,1699
3.8,6.0,32.0,4.54,25,15.0,2500,1240
4.0,6.0,32.0,4.54,48,11.0,1900,1399
4.2,4.0,3.0,4.77,48,9.784832451499119,1750,1299
3.8,6.0,32.0,4.54,48,9.784832451499119,3000,1349
4.7,8.0,64.0,6.5,35,12.0,3500,117100
4.7,8.0,64.0,5.8,35,12.0,3500,140300
4.6,8.0,128.0,6.1,48,12.0,3000,563000
4.1,10.0,25.0,6.41,48,2.0,3000,39999
4.2,12.0,24.0,4.77,48,9.784832451499119,3000,1149
4.1,3.0,32.0,5.7,38,1.0,2900,9990
4.2,4.0,64.0,4.5,64,22.0,3500,1098
4.2,4.0,64.0,4.5,64,9.784832451499119,3000,1099
4.2,6.0,32.0,4.54,48,22.0,1750,1390
3.5,6.0,64.0,4.5,48,22.0,3000,1199
3.5,8.0,25.0,4.5,48,22.0,3500,697
3.6,6.0,64.0,4.54,48,14.0,3000,699
3.8,12.0,24.0,2.0,64,14.0,1550,1690
3.7,6.0,32.0,4.77,48,12.0,1750,927
4.103105590062111,6.0,32.0,4.5,64,21.0,3000,649
4.103105590062111,6.0,32.0,4.5,64,32.0,3000,649
4.103105590062111,6.0,32.0,4.5,64,9.784832451499119,3000,649
4.103105590062111,6.0,32.0,4.5,64,12.0,3000,649
3.9,6.0,32.0,4.5,48,9.784832451499119,3000,900
4.3,1.0,16.0,4.5,48,8.0,3000,869
4.3,1.0,16.0,4.5,48,8.0,3000,798
4.5,6.0,128.0,6.39,48,13.0,4030,24999
4.2,4.0,4.0,4.5,64,13.0,3500,1575
4.1,4.0,64.0,5.9,38,2.0,3000,14999
4.3,4.0,4.0,4.77,64,9.784832451499119,3500,1349
4.5,8.0,128.0,6.44,48,13.0,4100,29499
3.4,4.0,64.0,5.5,48,5.0,3000,13999
4.1,6.0,32.0,4.54,64,20.0,3500,949
4.4,6.0,64.0,6.4,48,5.0,3800,18999
4.2,4.0,4.0,4.5,64,13.0,3500,1599
4.4,2.0,16.0,6.22,38,5.0,4030,9350
4.1,4.0,40.0,4.77,48,9.784832451499119,3000,1080
3.8,4.0,64.0,4.54,48,13.0,1200,3580
4.0,6.0,32.0,4.54,64,11.0,2500,1695
3.5,6.0,32.0,4.52,48,9.784832451499119,3500,2599
4.7,8.0,64.0,6.5,35,12.0,3500,117100
4.4,6.0,128.0,6.39,48,12.0,3800,31999
4.6,4.0,64.0,6.2,35,8.0,3500,53990
4.1,8.0,64.0,4.54,64,9.784832451499119,2500,1390
3.6,6.0,32.0,4.5,48,9.784832451499119,3000,898
4.3,4.0,64.0,6.2,38,2.0,4230,15656
3.9,6.0,32.0,4.5,64,9.784832451499119,3000,1089
4.3,4.0,4.0,4.77,64,9.784832451499119,3500,1349
4.1,4.0,64.0,5.9,38,2.0,3000,14999
4.2,4.0,4.0,4.5,64,13.0,3500,1575
4.5,6.0,128.0,6.39,48,13.0,3800,24999
3.4,4.0,64.0,5.5,48,5.0,3000,13999
4.1,6.0,32.0,4.54,64,20.0,3500,949
4.2,4.0,4.0,4.5,64,13.0,3500,1599
4.4,2.0,16.0,6.22,38,5.0,4030,9350
4.4,6.0,64.0,6.4,48,5.0,3800,18999
4.0,6.0,32.0,4.54,64,9.784832451499119,2500,1695
3.8,4.0,64.0,4.54,48,15.0,1200,3580
4.1,4.0,40.0,4.77,48,15.0,3000,1080
3.5,6.0,32.0,4.52,48,9.784832451499119,3500,2599
4.7,8.0,64.0,6.5,35,12.0,3500,117100
4.6,4.0,64.0,6.2,35,8.0,3500,53990
4.4,6.0,128.0,6.39,48,12.0,3800,31999
3.6,6.0,32.0,4.5,48,9.784832451499119,3000,898
3.8,6.0,32.0,4.54,48,12.0,2800,1299
4.1,8.0,64.0,4.54,64,9.784832451499119,2500,1390
4.4,3.0,32.0,6.2,48,1.0,3800,9790
3.7,10.0,32.0,4.5,64,9.784832451499119,3500,799
3.5,6.0,32.0,4.5,64,15.0,1050,799
